INSERT INTO employee (essn, firstname, lastname, username, password,  phoneNumber, dateOfBirth, email) VALUES (282949625, ‘Germayne’, ‘Henkmann’, ‘ghenkmann0’, ‘UbtKinCpdZH2’, ‘1361971016’, ‘1994-04-02’, ‘ghenkmann0@dot.gov’);
INSERT INTO employee (essn, firstname, lastname, username, password,  phoneNumber, dateOfBirth, email) VALUES (882773628, ‘Shana’, ‘Pickford’, ‘spickford1’, ‘cCgfQGe’, ‘5166413759’, ‘1988-08-18’, ‘spickford1@nyu.edu’);
INSERT INTO employee (essn, firstname, lastname, username, password,  phoneNumber, dateOfBirth, email) VALUES (‘349355959’, ‘Roldan’, ‘Goldby’, ‘rgoldby2’, ‘XMF1bz3b2’, ‘1395081395’, ‘1999-09-22’, ‘rgoldby2@icio.us’);
INSERT INTO employee (essn, firstname, lastname, username, password,  phoneNumber, dateOfBirth, email) VALUES (‘428526280’, ‘Anna-diane’, ‘Papen’, ‘apapen3’, ‘o9aPAo4’, ‘3575782604’, ‘1989-02-27’, ‘apapen3@taobao.com’);
INSERT INTO employee (essn, firstname, lastname, username, password,  phoneNumber, dateOfBirth, email) VALUES (‘564196262’, ‘Fannie’, ‘Slinn’, ‘fslinn4’, ‘kzYi1PJ’, ‘8573585817’, ‘2000-01-05’, ‘fslinn4@va.gov’);
INSERT INTO employee (essn, firstname, lastname, username, password,  phoneNumber, dateOfBirth, email) VALUES (633693251, ‘Hurlee’ , ‘Ruckman’, ‘hruckman5’, ‘RQ1jWj5l’, ‘7749725243’, ‘1984-01-19’, ‘hruckman5@drupal.org’);
INSERT INTO employee (essn, firstname, lastname, username, password,  phoneNumber, dateOfBirth, email) VALUES (‘535875897’, ‘Steffen’, ‘Dufour’, ‘sdufour6’, ‘Oo38dBU0k’, ‘5763541812’, ‘1992-12-28’, ‘sdufour6@cnbc.com’);
INSERT INTO employee (essn, firstname, lastname, username, password,  phoneNumber, dateOfBirth, email) VALUES (‘613843230’, ‘Lavinia’, ‘Batcock’, ‘lbatcock7’, ‘MYpnrDys8’, ‘4858064292’, ‘1992-12-28’, ‘lbatcock7@ca.gov’);
INSERT INTO employee (essn, firstname, lastname, username, password,  phoneNumber, dateOfBirth, email) VALUES (‘299453984’, ‘Vivienne’, ‘Braisher’, ‘vbraisher8’, ‘uCDfviTkACiu’, ‘7035574251’, ‘1987-12-06’, ‘vbraisher8@webnode.com’);
INSERT INTO employee (essn, firstname, lastname, username, password,  phoneNumber, dateOfBirth, email) VALUES (‘676284134’, ‘Leann’, ‘Boller’, ‘lboller9’, ‘BplZrX4g’, ‘4047735472’, ‘1985-09-15’, ‘lboller9@free.fr’);
INSERT INTO employee (essn, firstname, lastname, username, password,  phoneNumber, dateOfBirth, email) VALUES (‘124534627’, ‘Kristin’, ‘Pareman’, ‘kparemana’, ‘arvoCKrQe’, ‘5739085649’, ‘1990-08-27’, ‘kparemana@over-blog.com’);
INSERT INTO employee (essn, firstname, lastname, username, password,  phoneNumber, dateOfBirth, email) VALUES (‘692059235’, ‘Demetri’, ‘Rafter’, ‘drafterb’, ‘MREAQ9nE’, ‘8091888486’, ‘1996-09-08’, ‘drafterb@fda.gov’);
INSERT INTO employee (essn, firstname, lastname, username, password,  phoneNumber, dateOfBirth, email) VALUES (‘550110669’, ‘Geneva’, ‘Barck’, ‘gbarckc’, ‘MREAQ9nE’, ‘2493917385’, ‘1990-08-14’, ‘gbarckc@fastcompany.com’);
INSERT INTO employee (essn, firstname, lastname, username, password,  phoneNumber, dateOfBirth, email) VALUES (‘873496451’, ‘Celine’, ‘Dorsett’, ‘cdorsettd’, ‘Tbp6qjg6fBT’, ‘6697868966’, ‘1991-12-14’, ‘cdorsettd@hhs.gov’);
INSERT INTO employee (essn, firstname, lastname, username, password,  phoneNumber, dateOfBirth, email) VALUES (‘122999126’, ‘Emmie’, ‘Macknish’, ‘emacknishe’, ‘mDo7PXh’, ‘4045385135’, ‘1984-07-21’, ‘emacknishe@cornell.edu’);
INSERT INTO employee (essn, firstname, lastname, username, password,  phoneNumber, dateOfBirth, email) VALUES (‘682567919’, ‘Tildi’, ‘Brasher’, ‘tbrasherf’, ‘Yxds5g’, ‘4152061506’, ‘1995-04-28’, ‘tbrasherf@answers.com’);
INSERT INTO employee (essn, firstname, lastname, username, password,  phoneNumber, dateOfBirth, email) VALUES (‘858980174’, ‘Esta’, ‘Vaz’, ‘evazg’, ‘xKCf0UCcli’, ‘3054496142’, ‘2000-08-07’, ‘evazg@naver.com’);
INSERT INTO employee (essn, firstname, lastname, username, password,  phoneNumber, dateOfBirth, email) VALUES (‘853398644’, ‘Myrta’, ‘Diehn’, ‘mdiehnh’, ‘rlSPNj’, ‘9491958119’, ‘1983-06-02’, ‘mdiehnh@ning.com’);
INSERT INTO employee (essn, firstname, lastname, username, password,  phoneNumber, dateOfBirth, email) VALUES (‘514035765’, ‘Kris’, ‘Jiggle’, ‘kjigglei’, ‘jORR6Wha’, ‘9163338530’, ‘1995-12-03’, ‘kjigglei@chronoengine.com’);
INSERT INTO employee (essn, firstname, lastname, username, password,  phoneNumber, dateOfBirth, email) VALUES (‘365968732’, ‘Fara’, ‘Karel’, ‘fkarelj’, ‘OuE9jVcngNNW’, ‘7013536910’, ‘1996-06-08’, ‘fkarelj@thetimes.co.uk’);
INSERT INTO employee (essn, firstname, lastname, username, password,  phoneNumber, dateOfBirth, email) VALUES (‘365968732’, ‘Claretta’, ‘Alam’, ‘calamk’, ‘rNiGPb38G4OA’, ‘1509825770’, ‘1997-05-17’, ‘calamk@cpanel.net’);
INSERT INTO employee (essn, firstname, lastname, username, password,  phoneNumber, dateOfBirth, email) VALUES (‘558773369’, ‘Ellissa’, ‘Scawn’, ‘escawnl’, ‘BPdnifw’, ‘8179939284’, ‘2001-09-19’, ‘escawnl@gizmodo.com’);
INSERT INTO employee (essn, firstname, lastname, username, password,  phoneNumber, dateOfBirth, email) VALUES (‘898481494’, ‘Mina’, ‘Houston’, ‘mhoustonm’, ‘uuhkuWORgw’, ‘4998600650’, ‘1994-12-05’, ‘mhoustonm@123-reg.co.uk’);
INSERT INTO employee (essn, firstname, lastname, username, password,  phoneNumber, dateOfBirth, email) VALUES (‘639038304’, ‘Ulrike’, ‘Brade’, ‘ubraden’, ‘RWS1w5o9ld76’, ‘4262153674’, ‘2005-02-12’, ‘ubraden@tinypic.com’);
INSERT INTO employee (essn, firstname, lastname, username, password,  phoneNumber, dateOfBirth, email) VALUES (‘370674578’, ‘Selle’, ‘McGill’, ‘smcgillo’, ‘DnISuA’, ‘1279968728’, ‘1992-01-06’, ‘smcgillo@pcworld.com’);
INSERT INTO employee (essn, firstname, lastname, username, password,  phoneNumber, dateOfBirth, email) VALUES (‘660114793’, ‘Dalila’, ‘Woolsey’, ‘dwoolseyp’, ‘LU50Vh’, ‘7787598231’, ‘1991-10-19’, ‘dwoolseyp@freewebs.com’);
INSERT INTO employee (essn, firstname, lastname, username, password,  phoneNumber, dateOfBirth, email) VALUES (‘703022573’, ‘Burke’, ‘Coton’, ‘bcotonq’, ‘MpLXgBkrR8f’, ‘6213221321’, ‘1996-03-08’, ‘bcotonq@last.fm’);
INSERT INTO employee (essn, firstname, lastname, username, password,  phoneNumber, dateOfBirth, email) VALUES (‘218443429’, ‘Hy’, ‘Itzkovici’, ‘hitzkovicir’, ‘UZD8u9zg’, ‘1971164585’, ‘2001-10-14’,  ‘hitzkovicir@scientificamerican.com’);
INSERT INTO employee (essn, firstname, lastname, username, password,  phoneNumber, dateOfBirth, email) VALUES (‘135801141’, ‘Sheppard’, ‘Hulcoop’, ‘shulcoops’, ‘RO5zbu0xVZ99’, ‘5425365964’, ‘1999-02-04’, ‘shulcoops@wordpress.com’);
INSERT INTO employee (essn, firstname, lastname, username, password,  phoneNumber, dateOfBirth, email) VALUES (‘638924880’, ‘Farleigh’, ‘Vedeshkin’, ‘fvedeshkint’, ‘YRe2Ak’, ‘9559181506’, ‘1995-12-31’, ‘fvedeshkint@forbes.com’);
INSERT INTO employee (essn, firstname, lastname, username, password,  phoneNumber, dateOfBirth, email) VALUES (‘790778459’, ‘Babbie’, ‘Worthing’, ‘bworthingu’, ‘Ysg0Dg’, ‘7833004518’, ‘1998-04-04’, ‘bworthingu@cocolog-nifty.com’);
INSERT INTO employee (essn, firstname, lastname, username, password,  phoneNumber, dateOfBirth, email) VALUES (‘264413513’, ‘Link’, ‘Behagg’, ‘lbehaggv’, ‘p7eppb6AR’, ‘1244428763’, ‘1995-04-05’, ‘lbehaggv@prlog.org’);
INSERT INTO employee (essn, firstname, lastname, username, password,  phoneNumber, dateOfBirth, email) VALUES (‘251817688’, ‘Karilynn’, ‘Swaffer’, ‘kswafferw’, ‘LGSyo13’, ‘6492414803’, ‘1985-02-21’, ‘kswafferw@redcross.org’);
INSERT INTO employee (essn, firstname, lastname, username, password,  phoneNumber, dateOfBirth, email) VALUES (‘290106497’, ‘Zsazsa’, ‘Hambright’, ‘zhambrightx’, ‘FJjZbiF4’, ‘3118837065’, ‘1992-02-25’, ‘zhambrightx@shinystat.com’);
INSERT INTO employee (essn, firstname, lastname, username, password,  phoneNumber, dateOfBirth, email) VALUES (‘188450099’, ‘Romola’, ‘Madders’, ‘rmaddersy’, ‘TgEi3l2q’, ‘8332362164’, ‘1998-09-19’, ‘rmaddersy@ocn.ne.jp’);
INSERT INTO employee (essn, firstname, lastname, username, password,  phoneNumber, dateOfBirth, email) VALUES (‘193726581’, ‘Madeline’, ‘Sheldrake’, ‘msheldrakez’, ‘MItJSwelGqyl’, ‘7946578531’, ‘1994-02-14’, ‘msheldrakez@google.com.br’);
INSERT INTO employee (essn, firstname, lastname, username, password,  phoneNumber, dateOfBirth, email) VALUES (‘631806149’, ‘Melania’, ‘Danielou’, ‘mdanielou10’, ‘FKIhtH’, ‘8783112472’, ‘2002-08-16’, ‘mdanielou10@yelp.com’);
INSERT INTO employee (essn, firstname, lastname, username, password,  phoneNumber, dateOfBirth, email) VALUES (‘810763928’, ‘Alica’, ‘Stormouth’, ‘astormouth11’, ‘AivSkf’, ‘9014987891’, ‘1990-01-09’, ‘astormouth11@artisteer.com’);
INSERT INTO employee (essn, firstname, lastname, username, password,  phoneNumber, dateOfBirth, email) VALUES (‘207955916’, ‘Margy’, ‘Streatfeild’, ‘mstreatfeild12’, ‘kQMT5KJdq1UZ’, ‘8976070347’, ‘1989-12-31’, ‘mstreatfeild12@bizjournals.com’);
INSERT INTO employee (essn, firstname, lastname, username, password,  phoneNumber, dateOfBirth, email) VALUES (‘814566557’, ‘Nancey’, ‘Dunniom’, ‘ndunniom13’, ‘NoKODBjdEZi’, ‘8549340564’, ‘1983-08-07’, ‘ndunniom13@delicious.com’);
INSERT INTO employee (essn, firstname, lastname, username, password,  phoneNumber, dateOfBirth, email) VALUES (‘683377572’, ‘Janna’, ‘Rapp’, ‘jrapp0’, ‘THkYFsF’, ‘8425199291’, ‘1984-01-09’ , ‘jrapp0@mtv.com’);
INSERT INTO employee (essn, firstname, lastname, username, password,  phoneNumber, dateOfBirth, email) VALUES (‘289493574’, ‘Agosto’, ‘Grosvener’, ‘agrosvener1’, ‘ZEnuEJlb5lrm’, ‘7849738318’, ‘1984-12-24’, ‘agrosvener1@narod.ru’);
INSERT INTO employee (essn, firstname, lastname, username, password,  phoneNumber, dateOfBirth, email) VALUES (‘282761427’, ‘Caprice’, ‘Killingworth’, ‘ckillingworth2’, ‘HoONQ4BVo0G’, ‘3907870987’, ‘1995-10-09’, ‘ckillingworth2@wiley.com’);
INSERT INTO employee (essn, firstname, lastname, username, password,  phoneNumber, dateOfBirth, email) VALUES (‘445108868’, ‘Linda’, ‘Seldner’, ‘lseldner3’, ‘nLnTfK04’, ‘8397342190’, ‘2004-07-22’, ‘lseldner3@cafepress.com’);
INSERT INTO employee (essn, firstname, lastname, username, password,  phoneNumber, dateOfBirth, email) VALUES (‘680030878’, ‘Lock’, ‘Ternott’, ‘lternott4’, ‘2ttFSbnCKuLl’, ‘8975790002’, ‘1984-09-17’, ‘lternott4@yahoo.com’);

INSERT INTO record_keeper (essn) VALUES(282949625);
INSERT INTO record_keeper (essn) VALUES(882773628);
INSERT INTO record_keeper (essn) VALUES(349355959);
INSERT INTO record_keeper (essn) VALUES(428526280);
INSERT INTO record_keeper (essn) VALUES(564196262);

INSERT INTO lab_assistant (essn, reportId) VALUES(633693251, 10001);
INSERT INTO lab_assistant (essn, reportId) VALUES(535875897, 10002);
INSERT INTO lab_assistant (essn, reportId) VALUES(613843230, 10003);
INSERT INTO lab_assistant (essn, reportId) VALUES(299453984, 10004);
INSERT INTO lab_assistant (essn, reportId) VALUES(676284134, 10005);

INSERT INTO administrators (essn) VALUES(124534627);
INSERT INTO administrators (essn) VALUES(692059235);
INSERT INTO administrators (essn) VALUES(550110669);
INSERT INTO administrators (essn) VALUES(873496451);
INSERT INTO administrators (essn) VALUES(122999126);

INSERT INTO receptionist (essn, departmentID, appointmentId) VALUES (‘682567919’, 1, 10003);
INSERT INTO receptionist (essn, departmentID, appointmentId) VALUES (858980174, 2, 10001);
INSERT INTO receptionist (essn, departmentID, appointmentId) VALUES (853398644, 3, 10002);
INSERT INTO receptionist (essn, departmentID, appointmentId) VALUES (514035765, 4, 10004);
INSERT INTO receptionist (essn, departmentID, appointmentId) VALUES (365968732, 5, 10005);

INSERT INTO doctor (essn, departmentID, roomID, reportID) VALUES (365968732, 1, 1, 10039);
INSERT INTO doctor (essn, departmentID, roomID, reportID) VALUES (558773369, 1, 2, 10005);
INSERT INTO doctor (essn, departmentID, roomID, reportID) VALUES (898481494, 2, 6, 10013);
INSERT INTO doctor (essn, departmentID, roomID, reportID) VALUES (639038304, 2, 8, 10022);
INSERT INTO doctor (essn, departmentID, roomID, reportID) VALUES (370674578, 3, 11, 10005);
INSERT INTO doctor (essn, departmentID, roomID, reportID) VALUES (660114793, 3, 13, 10035);
INSERT INTO doctor (essn, departmentID, roomID, reportID) VALUES (703022573, 4, 16, 10042);
INSERT INTO doctor (essn, departmentID, roomID, reportID) VALUES (218443429, 4, 17, 10051);
INSERT INTO doctor (essn, departmentID, roomID,  reportID) VALUES (135801141, 5, 24, 10067);
INSERT INTO doctor (essn, departmentID, roomID,  reportID) VALUES (638924880, 5, 25, 10078);

INSERT INTO ward_boy (essn, departmentID, roomID, reportID) VALUES (790778459, 1, 8, 10051);
INSERT INTO ward_boy (essn, departmentID, roomID, reportID) VALUES (264413513, 2, 11, 10042);
INSERT INTO ward_boy (essn, departmentID, roomID, reportID) VALUES (251817688, 3, 13, 10022);
INSERT INTO ward_boy (essn, departmentID, roomID, reportID) VALUES (290106497, 4, 24, 10013);
INSERT INTO ward_boy (essn, departmentID, roomID, reportID) VALUES (188450099, 5, 25, 10067);

INSERT INTO billing_specialist (essn, billingInfo) VALUES (193726581, ‘Cash’);
INSERT INTO billing_specialist (essn, billingInfo) VALUES (631806149, ‘Credit’);
INSERT INTO billing_specialist (essn, billingInfo) VALUES (810763928, ‘Insurance’);
INSERT INTO billing_specialist (essn, billingInfo) VALUES (207955916, ‘Insurance’);
INSERT INTO billing_specialist (essn, billingInfo) VALUES (814566557, ‘Credit’);

INSERT INTO nurse (essn, departmentID, roomID, reportID) VALUES (683377572, 1, 2, 10035);
INSERT INTO nurse (essn, departmentID, roomID, reportID) VALUES (289493574, 1, 2, 10078);
INSERT INTO nurse (essn, departmentID, roomID, reportID) VALUES (282761427, 1, 2, 10051);
INSERT INTO nurse (essn, departmentID, roomID, reportID) VALUES (445108868, 1, 2, 10067);
INSERT INTO nurse (essn, departmentID, roomID, reportID) VALUES (680030878, 1, 2, 10039);

INSERT INTO department (departmentID, departmentName) VALUES (1, 'Cardiology');
INSERT INTO department (departmentID, departmentName) VALUES (2, 'Oncology');
INSERT INTO department (departmentID, departmentName) VALUES (3, 'Neurology');
INSERT INTO department (departmentID, departmentName) VALUES (4, 'Pediatrics');
INSERT INTO department (departmentID, departmentName) VALUES (5, 'Internal Medicine');

INSERT INTO room (roomID, departmentID, roomNo) VALUES (1, 1, 11);
INSERT INTO room (roomID, departmentID, roomNo) VALUES (2, 1, 12);
INSERT INTO room (roomID, departmentID, roomNo) VALUES (3, 1, 13);
INSERT INTO room (roomID, departmentID, roomNo) VALUES (4, 1, 14);
INSERT INTO room (roomID, departmentID, roomNo) VALUES (5, 1, 15);
INSERT INTO room (roomID, departmentID, roomNo) VALUES (6, 2, 21);
INSERT INTO room (roomID, departmentID, roomNo) VALUES (7, 2, 22);
INSERT INTO room (roomID, departmentID, roomNo) VALUES (8, 2, 23);
INSERT INTO room (roomID, departmentID, roomNo) VALUES (9, 2, 24);
INSERT INTO room (roomID, departmentID, roomNo) VALUES (10, 2, 25);
INSERT INTO room (roomID, departmentID, roomNo) VALUES (11, 3, 31);
INSERT INTO room (roomID, departmentID, roomNo) VALUES (12, 3, 32);
INSERT INTO room (roomID, departmentID, roomNo) VALUES (13, 3, 33);
INSERT INTO room (roomID, departmentID, roomNo) VALUES (14, 3, 34);
INSERT INTO room (roomID, departmentID, roomNo) VALUES (15, 3, 35);
INSERT INTO room (roomID, departmentID, roomNo) VALUES (16, 4, 41);
INSERT INTO room (roomID, departmentID, roomNo) VALUES (17, 4, 42);
INSERT INTO room (roomID, departmentID, roomNo) VALUES (18, 4, 43);
INSERT INTO room (roomID, departmentID, roomNo) VALUES (19, 4, 44);
INSERT INTO room (roomID, departmentID, roomNo) VALUES (20, 4, 45);
INSERT INTO room (roomID, departmentID, roomNo) VALUES (21, 5, 51);
INSERT INTO room (roomID, departmentID, roomNo) VALUES (22, 5, 52);
INSERT INTO room (roomID, departmentID, roomNo) VALUES (23, 5, 53);
INSERT INTO room (roomID, departmentID, roomNo) VALUES (24, 5, 54);
INSERT INTO room (roomID, departmentID, roomNo) VALUES (25, 5, 55);

INSERT INTO patient (roomId, patientId, username, password, phoneNumber, address, pharmacy, reportId, billingInfo, appointmentId, dateOfBirth, email, conditionId) VALUES(1, 11220, "ddecopeman0", "diioFP", 6071053878, "98227 Blue Bill Park Alley", "CVS", 10035, "insurance", 15322, 02-06-1965, "mlyddy0@tumblr.com", 020)
INSERT INTO patient (roomId, patientId, username, password, phoneNumber, address, pharmacy, reportId, billingInfo, appointmentId, dateOfBirth, email, conditionId) VALUES(2, 11221, "jseabrook1", "PUZrs2bd", 247 458 1076, "5 Bultman Drive", "Walgreens", 10042, "credit card", 09387, 05-23-1985, "pbourgeois1@mtv.com", 021)
INSERT INTO patient (roomId, patientId, username, password, phoneNumber, address, pharmacy, reportId, billingInfo, appointmentId, dateOfBirth, email, conditionId) VALUES(3, 11222, "eokerin2", "dIVLJdZ3V", 310 602 5694, "9 Fisk Pass", "Walmart", 10022, "cash", 22134, 10-15-1950, "sheyworth2@youtu.be", 022)
INSERT INTO patient (roomId, patientId, username, password, phoneNumber, address, pharmacy, reportId, billingInfo, appointmentId, dateOfBirth, email, conditionId) VALUES(4, 11223, "gdiddams3", "rUKSEPXIrjUF", 209 551 6469, "1 Buena Vista Place", "CVS", 10067, "insurance", 00042, 03-12-1958,"apple@gmail.com", 023)
INSERT INTO patient (roomId, patientId, username, password, phoneNumber, address, pharmacy, reportId, billingInfo, appointmentId, dateOfBirth, email, conditionId) VALUES(5, 11224, "ccossum4", "vg1o6AOIZkQ", 694 345 9074, "283 Welch Park", "Kroger", 10051, "insurance, 50392, 03-24-1974, mdowdney4@google.co.uk", 024)
INSERT INTO patient (roomId, patientId, username, password, phoneNumber, address, pharmacy, reportId, billingInfo, appointmentId, dateOfBirth, email, conditionId) VALUES(5, 11225, "mvanvelde5", "v7FNr1S5bJ", 719 882 6004, "251 Cardinal Plaza", "CVS", 10078, "insurance", 00378, 10-16-1988, "tonolan5@washington.edu", 025)
INSERT INTO patient (roomId, patientId, username, password, phoneNumber, address, pharmacy, reportId, billingInfo, appointmentId, dateOfBirth, email, conditionId) VALUES(6, 11226, "cfogt6", "MWp49LJa", 414 252 7685, "44 Mayer Street", "Walgreens", 10005, "credit card", 04932, 05-03-1976, "sdicte6@marketwatch.com", 022)
INSERT INTO patient (roomId, patientId, username, password, phoneNumber, address, pharmacy, reportId, billingInfo, appointmentId, dateOfBirth, email, conditionId) VALUES(7, 11227, "rsatford7", "GDyaSjz", 600 817 6810, "46067 Claremont Crossing", "Walgreens", 10042, "insurance", 12321, 11-09-1972, "mgillet7@tamu.edu", 021)
INSERT INTO patient (roomId, patientId, username, password, phoneNumber, address, pharmacy, reportId, billingInfo, appointmentId, dateOfBirth, email, conditionId) VALUES(9, 11228, "gcadge8", "Z3bOJ0JwXO", 787 154 8061, "734 Brentwood Road", "CVS", 10013, "credit card", 00320, 08-09-1984, "ckearn8@addtoany.com", 025)
INSERT INTO patient (roomId, patientId, username, password, phoneNumber, address, pharmacy, reportId, billingInfo, appointmentId, dateOfBirth, email, conditionId) VALUES(10, 11229, "thorburgh9", "inmmleY", 993 406 9763, "78799 Cardinal Junction", "Walmart", 10091, "insurance", 23134, 06-30-2000, "atellenbrok9@tripod.com", 022)

INSERT INTO report (reportId, labResults, medicineId) VALUES (10042, "pending", 0093421);
INSERT INTO report (reportId, labResults, medicineId) VALUES(10035, "pending", 9384501);
INSERT INTO report (reportId, labResults, medicineId) VALUES(10022, "in review", 6843910);
INSERT INTO report (reportId, labResults, medicineId) VALUES(10067, "in review", 0195839);
INSERT INTO report (reportId, labResults, medicineId) VALUES(10078, "reviewed", 7321936);
INSERT INTO report (reportId, labResults, medicineId) VALUES(10091, "reviewed", 0195839);
INSERT INTO report (reportId, labResults, medicineId) VALUES(10005, "pending", 7321936);
INSERT INTO report (reportId, labResults, medicineId) VALUES(10039, "in review", 0195839);
INSERT INTO report (reportId, labResults, medicineId) VALUES(10051, "reviewed", 9384501);
INSERT INTO report (reportId, labResults, medicineId) VALUES(10013, "reviewed", 0093421);

INSERT INTO medicine (medicineId, reportId, medicineName) VALUES (0093421, 10001, ‘Ibuprofen’);
INSERT INTO medicine (medicineId, reportId, medicineName) VALUES (9384501, 10002, ‘Amoxicillin’);
INSERT INTO medicine (medicineId, reportId, medicineName) VALUES (6843910, 10003, ‘Tylenol’);
INSERT INTO medicine (medicineId, reportId, medicineName) VALUES (0195839, 10004, ‘Zyrtec’);
INSERT INTO medicine (medicineId, reportId, medicineName) VALUES (7321936, 10005, ‘Xanax’);

INSERT INTO appointment (appointmentId, time, date) VALUES (00320, ‘9:30’, ‘2001-01-01’);
INSERT INTO appointment (appointmentId, time, date) VALUES (12321, ‘8:00’, ‘2001-01-01’);
INSERT INTO appointment (appointmentId, time, date) VALUES(15322, ‘1:00’, ‘2001-01-01’);
INSERT INTO appointment (appointmentId, time, date) VALUES(04932, ‘12:30’, ‘2001-01-01’);
INSERT INTO appointment (appointmentId, time, date) VALUES(23134, 10:00, 2001-01-01);
INSERT INTO appointment (appointmentId, time, date) VALUES(50392, 1:30, 2001-01-01);
INSERT INTO appointment (appointmentId, time, date) VALUES(00042, 11:30, 2001-01-01);
INSERT INTO appointment (appointmentId, time, date) VALUES(22134, 11:00, 2001-01-01);
INSERT INTO appointment (appointmentId, time, date) VALUES(00378, 7:00, 2001-01-01);
INSERT INTO appointment (appointmentId, time, date) VALUES(09387, 8:30, 2001-01-01);

INSERT INTO medical_condition (conditionId, conditionName) VALUES (020, ‘Covid-19’);
INSERT INTO medical_condition (conditionId, conditionName) VALUES(021, ‘Heart attack/stroke’);
INSERT INTO medical_condition (conditionId, conditionName) VALUES(022, ‘Alzheimers/Dementia’);
INSERT INTO medical_condition (conditionId, conditionName) VALUES(023, ‘Post-operation’);
INSERT INTO medical_condition (conditionId, conditionName) VALUES(024, ‘Pneumonia’);
INSERT INTO medical_condition (conditionId, conditionName) VALUES(025, ‘transplant’)
